{
	"wsdm":{
		"task_type":"cls_task",
		"train_file":"multi_task/data/sentence_pair/wsdm/train.txt",
		"dev_file":"multi_task/data/sentence_pair/wsdm/dev.txt",
		"test_file":"multi_task/data/sentence_pair/wsdm/test.txt",
		"label_id":"multi_task/data/sentence_pair/wsdm/label_dict.json",
		"train_result_file":"multi_task/data/sentence_pair/wsdm/train_tfrecords",
		"test_result_file":"multi_task/data/sentence_pair/wsdm/test_tfrecords",
		"dev_result_file":"multi_task/data/sentence_pair/wsdm/dev_tfrecords",
		"data_type":"sentence_pair",
		"model_type":"bert",
		"config_file":"./BERT/data/chinese_L-12_H-768_A-12/bert_config.json",
		"target":"",
		"not_storage_params":[],
		"exclude_scope":"",
		"load_pretrained":"yes",
		"num_labels":3,
		"init_checkpoint":"chinese_L-12_H-768_A-12/bert_model.ckpt",
		"max_length":384,
		"lm_augumentation":true,
		"masked_lm_prob":0.2,
		"max_predictions_per_seq":3,
		"masked_lm_loss_ratio":1.0,
		"dupe_factor":5,
		"short_seq_prob":0.2,
		"vocab_file":"./BERT/data/chinese_L-12_H-768_A-12/vocab.txt",
		"do_lower_case":true
	},
	"ccks":{
		"task_type":"cls_task",
		"train_file":"multi_task/data/sentence_pair/ccks/train.txt",
		"dev_file":"multi_task/data/sentence_pair/ccks/dev.txt",
		"test_file":"multi_task/data/sentence_pair/ccks/test.txt",
		"label_id":"multi_task/data/sentence_pair/ccks/label_dict.json",
		"train_result_file":"multi_task/data/sentence_pair/ccks/train_tfrecords",
		"test_result_file":"multi_task/data/sentence_pair/ccks/test_tfrecords",
		"dev_result_file":"multi_task/data/sentence_pair/ccks/dev_tfrecords",
		"data_type":"sentence_pair",
		"model_type":"bert",
		"config_file":"./BERT/data/chinese_L-12_H-768_A-12/bert_config.json",
		"target":"",
		"not_storage_params":[],
		"exclude_scope":"",
		"load_pretrained":"yes",
		"num_labels":2,
		"init_checkpoint":"chinese_L-12_H-768_A-12/bert_model.ckpt",
		"max_length":384,
		"lm_augumentation":true,
		"masked_lm_prob":0.2,
		"max_predictions_per_seq":3,
		"masked_lm_loss_ratio":1.0,
		"dupe_factor":5,
		"short_seq_prob":0.2,
		"vocab_file":"./BERT/data/chinese_L-12_H-768_A-12/vocab.txt",
		"do_lower_case":true
	},
	"ant":{
		"task_type":"cls_task",
		"train_file":"multi_task/data/sentence_pair/ant/train.txt",
		"dev_file":"multi_task/data/sentence_pair/ant/dev.txt",
		"test_file":"multi_task/data/sentence_pair/ant/test.txt",
		"label_id":"multi_task/data/sentence_pair/ant/label_dict.json",
		"train_result_file":"multi_task/data/sentence_pair/ant/train_tfrecords",
		"test_result_file":"multi_task/data/sentence_pair/ant/test_tfrecords",
		"dev_result_file":"multi_task/data/sentence_pair/ant/dev_tfrecords",
		"data_type":"sentence_pair",
		"model_type":"bert",
		"config_file":"./BERT/data/chinese_L-12_H-768_A-12/bert_config.json",
		"target":"",
		"not_storage_params":[],
		"exclude_scope":"",
		"load_pretrained":"yes",
		"num_labels":2,
		"init_checkpoint":"chinese_L-12_H-768_A-12/bert_model.ckpt",
		"max_length":384,
		"lm_augumentation":true,
		"masked_lm_prob":0.2,
		"max_predictions_per_seq":3,
		"masked_lm_loss_ratio":1.0,
		"dupe_factor":5,
		"short_seq_prob":0.2,
		"vocab_file":"./BERT/data/chinese_L-12_H-768_A-12/vocab.txt",
		"do_lower_case":true
	},
	"xnli":{
		"task_type":"cls_task",
		"train_file":"multi_task/data/sentence_pair/xnli/train.txt",
		"dev_file":"multi_task/data/sentence_pair/xnli/dev.txt",
		"test_file":"multi_task/data/sentence_pair/xnli/test.txt",
		"label_id":"multi_task/data/sentence_pair/xnli/label_dict.json",
		"train_result_file":"multi_task/data/sentence_pair/xnli/train_tfrecords",
		"test_result_file":"multi_task/data/sentence_pair/xnli/test_tfrecords",
		"dev_result_file":"multi_task/data/sentence_pair/xnli/dev_tfrecords",
		"data_type":"sentence_pair",
		"model_type":"bert",
		"config_file":"./BERT/data/chinese_L-12_H-768_A-12/bert_config.json",
		"target":"",
		"not_storage_params":[],
		"exclude_scope":"",
		"load_pretrained":"yes",
		"num_labels":3,
		"init_checkpoint":"chinese_L-12_H-768_A-12/bert_model.ckpt",
		"max_length":384,
		"lm_augumentation":true,
		"masked_lm_prob":0.2,
		"max_predictions_per_seq":3,
		"masked_lm_loss_ratio":1.0,
		"dupe_factor":5,
		"short_seq_prob":0.2,
		"vocab_file":"./BERT/data/chinese_L-12_H-768_A-12/vocab.txt",
		"do_lower_case":true
	},
	"lcqmc":{
		"task_type":"cls_task",
		"train_file":"multi_task/data/sentence_pair/lcqmc/train.txt",
		"dev_file":"multi_task/data/sentence_pair/lcqmc/dev.txt",
		"test_file":"multi_task/data/sentence_pair/lcqmc/test.txt",
		"label_id":"multi_task/data/sentence_pair/lcqmc/label_dict.json",
		"train_result_file":"multi_task/data/sentence_pair/lcqmc/lcqmc_lm_train",
		"test_result_file":"multi_task/data/sentence_pair/lcqmc/test_tfrecords",
		"dev_result_file":"multi_task/data/sentence_pair/lcqmc/dev_tfrecords",
		"data_type":"sentence_pair",
		"model_type":"bert",
		"config_file":"./BERT/data/chinese_L-12_H-768_A-12/bert_config.json",
		"target":"",
		"not_storage_params":[],
		"exclude_scope":"",
		"load_pretrained":"yes",
		"num_labels":2,
		"init_checkpoint":"chinese_L-12_H-768_A-12/bert_model.ckpt",
		"max_length":256,
		"lm_augumentation":true,
		"masked_lm_prob":0.2,
		"max_predictions_per_seq":3,
		"masked_lm_loss_ratio":1.0,
		"dupe_factor":5,
		"short_seq_prob":0.2,
		"vocab_file":"./BERT/data/chinese_L-12_H-768_A-12/vocab.txt",
		"do_lower_case":true
	},
	"nlpcc-dbqa":{
		"task_type":"cls_task",
		"train_file":"multi_task/data/qa/nlpcc-dbqa/train.txt",
		"dev_file":"multi_task/data/qa/nlpcc-dbqa/dev.txt",
		"test_file":"multi_task/data/qa/nlpcc-dbqa/test.txt",
		"label_id":"multi_task/data/qa/nlpcc-dbqa/label_dict.json",
		"train_result_file":"multi_task/data/qa/nlpcc-dbqa/train_tfrecords",
		"test_result_file":"multi_task/data/qa/nlpcc-dbqa/test_tfrecords",
		"dev_result_file":"multi_task/data/qa/nlpcc-dbqa/dev_tfrecords",
		"data_type":"sentence_pair",
		"model_type":"bert",
		"config_file":"./BERT/data/chinese_L-12_H-768_A-12/bert_config.json",
		"target":"",
		"not_storage_params":[],
		"exclude_scope":"",
		"load_pretrained":"yes",
		"num_labels":2,
		"init_checkpoint":"chinese_L-12_H-768_A-12/bert_model.ckpt",
		"max_length":384,
		"lm_augumentation":true,
		"masked_lm_prob":0.2,
		"max_predictions_per_seq":3,
		"masked_lm_loss_ratio":1.0,
		"dupe_factor":5,
		"short_seq_prob":0.2,
		"vocab_file":"./BERT/data/chinese_L-12_H-768_A-12/vocab.txt",
		"do_lower_case":true
	},
	"jd_comment":{
		"task_type":"cls_task",
		"train_file":"multi_task/data/single_sentence/jd_review/train.txt",
		"dev_file":"multi_task/data/single_sentence/jd_review/dev.txt",
		"test_file":"multi_task/data/single_sentence/jd_review/test.txt",
		"label_id":"multi_task/data/single_sentence/jd_review/label_dict.json",
		"train_result_file":"multi_task/data/single_sentence/jd_review/train_tfrecords",
		"test_result_file":"multi_task/data/single_sentence/jd_review/test_tfrecords",
		"dev_result_file":"multi_task/data/single_sentence/jd_review/dev_tfrecords",
		"data_type":"single_sentence",
		"model_type":"bert",
		"config_file":"./BERT/data/chinese_L-12_H-768_A-12/bert_config.json",
		"target":"",
		"not_storage_params":[],
		"exclude_scope":"",
		"load_pretrained":"yes",
		"num_labels":3,
		"init_checkpoint":"chinese_L-12_H-768_A-12/bert_model.ckpt",
		"max_length":384,
		"lm_augumentation":true,
		"masked_lm_prob":0.2,
		"max_predictions_per_seq":3,
		"masked_lm_loss_ratio":1.0,
		"dupe_factor":5,
		"short_seq_prob":0.2,
		"vocab_file":"./data/chinese_L-12_H-768_A-12/vocab.txt",
		"do_lower_case":true
	},
	"chnsenticorp":{
		"task_type":"cls_task",
		"train_file":"multi_task/data/single_sentence/chnsenticorp/train.txt",
		"dev_file":"multi_task/data/single_sentence/chnsenticorp/dev.txt",
		"test_file":"multi_task/data/single_sentence/chnsenticorp/test.txt",
		"label_id":"multi_task/data/single_sentence/chnsenticorp/label_dict.json",
		"train_result_file":"multi_task/data/single_sentence/chnsenticorp/train_tfrecords",
		"test_result_file":"multi_task/data/single_sentence/chnsenticorp/test_tfrecords",
		"dev_result_file":"multi_task/data/single_sentence/chnsenticorp/dev_tfrecords",
		"data_type":"single_sentence",
		"model_type":"bert",
		"config_file":"./BERT/data/chinese_L-12_H-768_A-12/bert_config.json",
		"target":"",
		"not_storage_params":[],
		"exclude_scope":"",
		"load_pretrained":"yes",
		"num_labels":2,
		"init_checkpoint":"chinese_L-12_H-768_A-12/bert_model.ckpt",
		"max_length":384,
		"lm_augumentation":true,
		"masked_lm_prob":0.2,
		"max_predictions_per_seq":3,
		"masked_lm_loss_ratio":1.0,
		"dupe_factor":5,
		"short_seq_prob":0.2,
		"vocab_file":"./BERT/data/chinese_L-12_H-768_A-12/vocab.txt",
		"do_lower_case":true
	}
}