{
	"teacher_lcqmc":{
		"task_type":"single_sentence_classification",
		"label_id":"multi_task/data/sentence_pair/lcqmc/label_dict.json",
		"data_type":"sentence_pair",
		"model_type":"bert",
		"config_file":"./BERT/data/chinese_L-12_H-768_A-12/bert_config.json",
		"target":"",
		"not_storage_params":[],
		"exclude_scope":"",
		"load_pretrained":"yes",
		"num_labels":2,
		"init_checkpoint":"lcqmc/data/normal/model/estimator/bert_0314/model.ckpt-24870",
		"max_length":128,
		"lm_augumentation":false,
		"masked_lm_prob":0.2,
		"max_predictions_per_seq":3,
		"masked_lm_loss_ratio":0.1,
		"dupe_factor":5,
		"short_seq_prob":0.2,
		"vocab_file":"./BERT/data/chinese_L-12_H-768_A-12/vocab.txt",
		"do_lower_case":true,
		"ln_type":"postln"
	},
	"teacher":{
		"task_type":"single_sentence_classification",
		"label_id":"multi_task/data/sentence_pair/lcqmc/label_dict.json",
		"data_type":"sentence_pair",
		"model_type":"bert",
		"config_file":"./BERT/data/chinese_L-12_H-768_A-12/bert_config.json",
		"target":"",
		"not_storage_params":[],
		"exclude_scope":"",
		"load_pretrained":"yes",
		"num_labels":2,
		"init_checkpoint":"porn_2/data/model/estimator/bert_wwm_porn_2/model.ckpt-2600",
		"max_length":128,
		"lm_augumentation":false,
		"masked_lm_prob":0.2,
		"max_predictions_per_seq":3,
		"masked_lm_loss_ratio":0.1,
		"dupe_factor":5,
		"short_seq_prob":0.2,
		"vocab_file":"./BERT/data/chinese_L-12_H-768_A-12/vocab.txt",
		"do_lower_case":true,
		"ln_type":"postln"
	},
	"student":{
		"task_type":"single_sentence_classification",
		"label_id":"multi_task/data/sentence_pair/lcqmc/label_dict.json",
		"data_type":"sentence_pair",
		"model_type":"albert",
		"config_file":"./BERT/data/roberta_zh_l12_albert/bert_config_tiny.json",
		"target":"",
		"not_storage_params":[],
		"exclude_scope":"",
		"load_pretrained":"yes",
		"num_labels":2,
		"init_checkpoint":"bert_pretrain/open_domain/pretrain_new/model/open_domain_albert_tiny_opt_grad_clip_postln_new_1_adam_50_0.2/model.ckpt-520000",
		"max_length":128,
		"lm_augumentation":false,
		"masked_lm_prob":0.2,
		"max_predictions_per_seq":3,
		"masked_lm_loss_ratio":0.1,
		"dupe_factor":5,
		"short_seq_prob":0.2,
		"vocab_file":"./BERT/data/chinese_L-12_H-768_A-12/vocab.txt",
		"do_lower_case":true,
		"ln_type":"postln"
	},
	"student_my":{
		"task_type":"single_sentence_classification",
		"label_id":"multi_task/data/sentence_pair/lcqmc/label_dict.json",
		"data_type":"sentence_pair",
		"model_type":"albert",
		"config_file":"./BERT/data/roberta_zh_l12_albert/albert_config_tiny.json",
		"target":"",
		"not_storage_params":[],
		"exclude_scope":"",
		"load_pretrained":"yes",
		"num_labels":2,
		"init_checkpoint":"albert_tiny_250k/albert_model.ckpt",
		"max_length":128,
		"lm_augumentation":false,
		"masked_lm_prob":0.2,
		"max_predictions_per_seq":3,
		"masked_lm_loss_ratio":0.1,
		"dupe_factor":5,
		"short_seq_prob":0.2,
		"vocab_file":"./BERT/data/chinese_L-12_H-768_A-12/vocab.txt",
		"do_lower_case":true,
		"ln_type":"postln"
	}
}